Jurong East,Bukit Batok,3
Bukit Batok,Bukit Gombak,2
Bukit Gombak,Choa Chu Kang,4
Choa Chu Kang,Yew Tee,3
Yew Tee,Kranji,5
Kranji,Marsiling,3
Marsiling,Woodlands,2
Woodlands,Admiralty,3
Admiralty,Sembawang,3
Sembawang,Canberra,3
Canberra,Yishun,3
Yishun,Khatib,2
Khatib,Yio Chu Kang,6
Yio Chu Kang,Ang Mo Kio,2
Ang Mo Kio,Bishan,4
Bishan,Braddell,2
Braddell,Toa Payoh,2
Toa Payoh,Novena,3
Novena,Newton,2
Newton,Orchard,3
Orchard,Somerset,2
Somerset,Dhoby Ghaut,2
Dhoby Ghaut,City Hall,3
City Hall,Raffles Place,2
Raffles Place,Marina Bay,2
Marina Bay,Marina South Pier,3
Pasir Ris,Tampines,3
Tampines,Simei,3
Simei,Tanah Merah,3
Tanah Merah,Expo,3
Tanah Merah,Bedok,3
Bedok,Kembangan,3
Kembangan,Eunos,3
Eunos,Paya Lebar,2
Paya Lebar,Aljunied,2
Aljunied,Kallang,3
Kallang,Lavender,2
Lavender,Bugis,3
Bugis,City Hall,2
City Hall,Raffles Place,2
Raffles Place,Tanjong Pagar,3
Tanjong Pagar,Outram Park,2
Outram Park,Tiong Bahru,3
Tiong Bahru,Redhill,2
Redhill,Queenstown,3
Queenstown,Commonwealth,2
Commonwealth,Buona Vista,2
Buona Vista,Dover,3
Dover,Clementi,3
Clementi,Jurong East,4
Jurong East,Chinese Garden,2
Chinese Garden,Lakeside,3
Lakeside,Boon Lay,3
Boon Lay,Pioneer,2
Pioneer,Joo Koon,3
Joo Koon,Gul Circle,3
Gul Circle,Tuas Crescent,3
Tuas Crescent,Tuas West Road,2
Tuas West Road,Tuas Link,2
Expo,Changi Airport,4
HarbourFront,Outram Park,3
Outram Park,Chinatown,2
Chinatown,Clarke Quay,2
Clarke Quay,Dhoby Ghaut,2
Dhoby Ghaut,Little India,2
Little India,Farrer Park,2
Farrer Park,Boon Keng,2
Boon Keng,Potong Pasir,3
Potong Pasir,Woodleigh,1
Woodleigh,Serangoon,2
Serangoon,Kovan,3
Kovan,Hougang,2
Hougang,Buangkok,2
Buangkok,Sengkang,2
Sengkang,Punggol,3
Dhoby Ghaut,Bras Basah,1
Bras Basah,Esplanade,1
Esplanade,Promenade,1
Promenade,Bayfront,1
Promenade,Nicoll Highway,1
Nicoll Highway,Stadium,1
Stadium,Mountbatten,1
Mountbatten,Dakota,1
Dakota,Paya Lebar,1
Paya Lebar,MacPherson,1
MacPherson,Tai Seng,1
Tai Seng,Bartley,1
Bartley,Serangoon,1
Serangoon,Lorong Chuan,1
Lorong Chuan,Bishan,1
Bishan,Marymount,1
Marymount,Caldecott,1
Caldecott,Botanic Gardens,1
Botanic Gardens,Farrer Road,1
Farrer Road,Holland Village,1
Holland Village,Buona Vista,1
Buona Vista,one-north,1
one-north,Kent Ridge,1
Kent Ridge,Haw Par Villa,1
Haw Par Villa,Pasir Panjang,1
Pasir Panjang,Labrador Park,1
Labrador Park,Telok Blangah,1
Telok Blangah,HarbourFront,1
Bayfront,Marina Bay,1
Bukit Panjang,Cashew,1
Cashew,Hillview,1
Hillview,Beauty World,1
Beauty World,King Albert Park,1
King Albert Park,Sixth Avenue,1
Sixth Avenue,Tan Kah Kee,1
Tan Kah Kee,Botanic Gardens,1
Botanic Gardens,Stevens,1
Stevens,Newton,1
Newton,Little India,1
Little India,Rochor,1
Rochor,Bugis,1
Bugis,Promenade,1
Promenade,Bayfront,1
Bayfront,Downtown,1
Downtown,Telok Ayer,1
Telok Ayer,Chinatown,1
Chinatown,Fort Canning,1
Fort Canning,Bencoolen,1
Bencoolen,Jalan Besar,1
Jalan Besar,Bendemeer,1
Bendemeer,Geylang Bahru,1
Geylang Bahru,Mattar,1
Mattar,MacPherson,1
MacPherson,Ubi,1
Ubi,Kaki Bukit,1
Kaki Bukit,Bedok North,1
Bedok North,Bedok Reservoir,1
Bedok Reservoir,Tampines West,1
Tampines West,Tampines,1
Tampines,Tampines East,1
Tampines East,Upper Changi,1
Upper Changi,Expo,1
Choa Chu Kang,South View,1
South View,Keat Hong,1
Keat Hong,Teck Whye,1
Teck Whye,Phoenix,1
Phoenix,Bukit Panjang,1
Bukit Panjang,Petir,1
Petir,Pending,1
Pending,Bangkit,1
Bangkit,Fajar,1
Fajar,Segar,1
Segar,Jelapang,1
Jelapang,Senja,1
Senja,Bukit Panjang,1
Sengkang,Renjong,1
Sengkang,Cheng Lim,1
Sengkang,Compassvale,1
Sengkang,Ranggung,1
Compassvale,Rumbia,1
Rumbia,Bakau,1
Bakau,Kangkar,1
Kangkar,Ranggung,1
Cheng Lim,Farmway,1
Farmway,Kupang,1
Kupang,Thanggam,1
Thanggam,Fernvale,1
Fernvale,Layar,1
Layar,Tongkang,1
Tongkang,Renjong,1
Punggol,Cove,1
Punggol,Damai,1
Punggol,Sam Kee,1
Punggol,Soo Teck,1
Cove,Meridian,1
Meridian,Coral Edge,1
Coral Edge,Riviera,1
Riviera,Kadaloor,1
Kadaloor,Oasis,1
Oasis,Damai,1
Sam Kee,Punggol Point,1
Punggol Point,Samudera,1
Samudera,Nibong,1
Nibong,Sumang,1
Sumang,Soo Teck,1
Woodlands North ,Woodlands ,1
Woodlands ,Woodlands South ,1
Woodlands South ,Springleaf,1
Springleaf,Lentor,1
Lentor,Mayflower,1
Mayflower,Bright Hill,1
Bright Hill,Upper Thomson,1
Upper Thomson,Caldecott,1
Caldecott,Stevens,1
Stevens,Napier,1
Napier,Orchard Boulevard,1
Orchard Boulevard,Orchard,1
Orchard,Great World,1
Great World,Havelock,1
Havelock,Outram Park,1
Outram Park,Maxwell,1
Maxwell,Shenton Way,1
Shenton Way,Marina Bay,1
Marina Bay,Gardens by the Bay,1
